population,income,popwhite,popblack,homeval,rentval,district,statefull,abbr,label,pvi,Winner12,Margin12,Romney12,Obama12,Winner08,Margin08,McCain08,Obama08,gopvi,sqrmiles,density,whitevote
692413,43358,468570,192616.0,177530,773,1,Alabama,AL,AL-1,R+15,Romney,-24,62,37,McCain,-23,61,38,15,6066.83,114,0.6767203966418885
684211,41844,448639,206301.0,174613,700,2,Alabama,AL,AL-2,R+17,Romney,-26,63,36,McCain,-29,64,35,17,10141.63,67,0.6557026998981308
692489,41134,488095,176503.0,184916,670,3,Alabama,AL,AL-3,R+16,Romney,-26,62,37,McCain,-26,63,37,16,7543.86,91,0.7048415209483472
682010,38420,602623,48047.0,192212,582,4,Alabama,AL,AL-4,R+28,Romney,-51,75,24,McCain,-47,73,26,28,8888.77,76,0.8835984809606897
696030,49923,535620,119781.0,190907,664,5,Alabama,AL,AL-5,R+17,Romney,-29,64,35,McCain,-26,62,36,17,3677.31,189,0.7695357958708676
688916,57778,553006,98123.0,195557,875,6,Alabama,AL,AL-6,R+28,Romney,-50,74,25,McCain,-49,74,25,28,4170.78,165,0.8027190542823799
681555,31684,231072,431131.0,151545,679,7,Alabama,AL,AL-7,D+20,Obama,-46,27,73,Obama,-44,28,72,-20,10156.13,67,0.3390364680766776
729603,70477,485500,25282.0,158059,1113,1,Alaska,AK,AK-1,R+12,Romney,-14,55,41,McCain,-22,59,38,12,570640.95,1,0.6654303778904418
720383,46108,468888,17853.0,168169,866,1,Arizona,AZ,AZ-1,R+4,Romney,-3,50,48,McCain,-3,51,48,4,55039.61,13,0.6508870975578269
720236,46115,581026,30622.0,178805,803,2,Arizona,AZ,AZ-2,R+3,Romney,-2,50,48,McCain,-1,50,49,3,7838.12,91,0.8067161319345326
719827,39811,531111,31284.0,140122,819,3,Arizona,AZ,AZ-3,D+8,Obama,-25,37,61,Obama,-18,41,58,-8,15688.79,45,0.7378314511681279
723279,43174,633125,12441.0,199053,871,4,Arizona,AZ,AZ-4,R+20,Romney,-36,67,31,McCain,-30,64,34,20,33199.45,21,0.8753537708131993
738002,63873,629076,23940.0,187824,1088,5,Arizona,AZ,AZ-5,R+17,Romney,-29,64,35,McCain,-26,63,36,17,293.47,2514,0.8524041940265744
733405,61081,632537,20044.0,189034,988,6,Arizona,AZ,AZ-6,R+12,Romney,-21,60,39,McCain,-17,58,41,12,625.07,1173,0.8624661680790286
734911,32486,500147,71845.0,100261,777,7,Arizona,AZ,AZ-7,D+16,Obama,-45,27,72,Obama,-31,34,65,-16,205.12,3582,0.6805545161250818
726340,56596,628571,28859.0,194278,1073,8,Arizona,AZ,AZ-8,R+15,Romney,-25,62,37,McCain,-22,61,38,15,539.66,1345,0.8653949940799075
732473,49758,570573,39436.0,140218,880,9,Arizona,AZ,AZ-9,R+1,Obama,-5,47,51,Obama,-4,47,51,1,164.79,4444,0.7789679619590074
727971,36100,572858,131511.0,184978,600,1,Arkansas,AR,AR-1,R+14,Romney,-25,61,36,McCain,-19,58,39,14,19318.29,37,0.7869242043982522
746332,46601,547182,163582.0,188000,735,2,Arkansas,AR,AR-2,R+8,Romney,-12,55,43,McCain,-10,54,44,8,4978.12,149,0.7331616492392126
748947,43303,639945,20016.0,179506,679,3,Arkansas,AR,AR-3,R+19,Romney,-34,66,32,McCain,-30,64,34,19,5400.99,138,0.8544596613645559
725988,35810,544728,142325.0,196165,607,4,Arkansas,AR,AR-4,R+15,Romney,-26,62,36,McCain,-23,60,37,15,22338.08,32,0.7503264516768873
703566,44453,607806,9848.0,175126,896,1,California,CA,CA-1,R+10,Romney,-16,56,40,McCain,-11,55,43,10,28089.47,25,0.8638933660807941
708526,60902,572518,12114.0,168536,1219,2,California,CA,CA-2,D+20,Obama,-42,27,69,Obama,-46,26,72,-20,12952.23,54,0.8080409187524523
708773,54161,462762,42727.0,140146,1083,3,California,CA,CA-3,D+3,Obama,-11,43,54,Obama,-13,43,55,-3,6183.59,114,0.6529057963551095
706178,63207,603651,8764.0,190189,1148,4,California,CA,CA-4,R+10,Romney,-18,58,40,McCain,-11,55,43,10,12836.2,55,0.8548142253086333
714706,62118,486812,45872.0,152788,1243,5,California,CA,CA-5,D+19,Obama,-42,27,70,Obama,-44,27,71,-19,1730.82,412,0.6811360195660873
718545,45992,387883,90581.0,123634,958,6,California,CA,CA-6,D+18,Obama,-41,28,69,Obama,-39,30,68,-18,175.04,4105,0.5398172696212485
717509,62006,468068,54636.0,158930,1086,7,California,CA,CA-7,R+0,Obama,-4,47,51,Obama,-5,46,52,0,548.65,1307,0.6523513990765273
707601,45700,516041,59279.0,139921,983,8,California,CA,CA-8,R+10,Romney,-14,56,42,McCain,-13,55,42,10,32867.21,21,0.7292824628568925
719147,53453,410595,61305.0,132250,1010,9,California,CA,CA-9,D+6,Obama,-18,40,58,Obama,-16,41,57,-6,1245.28,577,0.5709472472248373
715054,51743,523430,25033.0,132144,1021,10,California,CA,CA-10,R+1,Obama,-4,47,51,Obama,-3,48,50,1,1818.79,393,0.7320146450477866
724286,72161,466073,65705.0,163584,1302,11,California,CA,CA-11,D+17,Obama,-38,30,68,Obama,-41,29,69,-17,493.61,1467,0.6434930400421933
718664,73940,371174,42303.0,104135,1473,12,California,CA,CA-12,D+34,Obama,-72,13,84,Obama,-72,13,85,-34,38.97,18441,0.5164777976912716
721249,58907,335134,133611.0,122287,1187,13,California,CA,CA-13,D+37,Obama,-79,9,88,Obama,-78,10,88,-37,96.79,7451,0.4646578366139849
726322,82382,363675,23913.0,144922,1629,14,California,CA,CA-14,D+23,Obama,-51,24,74,Obama,-51,24,75,-23,259.5,2798,0.5007076751082853
726058,87757,356416,47205.0,148199,1438,15,California,CA,CA-15,D+16,Obama,-38,30,68,Obama,-37,31,68,-16,599.45,1211,0.4908919122163794
716111,36488,405862,42903.0,96705,830,16,California,CA,CA-16,D+7,Obama,-19,39,59,Obama,-18,40,58,-7,2839.51,252,0.5667585053155167
723289,99535,247124,20534.0,132929,1704,17,California,CA,CA-17,D+20,Obama,-46,26,72,Obama,-42,28,70,-20,184.85,3912,0.34166702383141456
727953,102656,494640,13542.0,163687,1598,18,California,CA,CA-18,D+18,Obama,-39,29,68,Obama,-43,27,71,-18,696.12,1045,0.6794944179088485
719217,76518,352034,22045.0,127297,1429,19,California,CA,CA-19,D+19,Obama,-45,27,71,Obama,-40,29,69,-19,915.34,785,0.48946840800481634
718809,59612,551855,16228.0,112413,1265,20,California,CA,CA-20,D+21,Obama,-45,26,71,Obama,-46,26,72,-21,4874.22,147,0.7677352398203139
708384,37271,487286,30922.0,87282,776,21,California,CA,CA-21,D+2,Obama,-11,44,55,Obama,-6,46,52,-2,6729.94,105,0.6878839725346705
719148,51014,526197,23181.0,135289,933,22,California,CA,CA-22,R+10,Romney,-15,57,42,McCain,-13,56,43,10,1165.12,617,0.7316950057568122
716668,52974,542148,43518.0,142786,935,23,California,CA,CA-23,R+16,Romney,-25,62,36,McCain,-25,61,37,16,9898.0,72,0.7564841739829321
715038,60274,549799,14371.0,131794,1266,24,California,CA,CA-24,D+4,Obama,-11,43,54,Obama,-16,41,57,-4,6883.35,103,0.7689087852673564
718338,69888,464209,56590.0,148981,1352,25,California,CA,CA-25,R+3,Romney,-2,50,48,Obama,-1,49,49,3,1690.5,424,0.6462264282273804
710893,73948,550765,13883.0,142352,1455,26,California,CA,CA-26,D+4,Obama,-10,44,54,Obama,-15,41,56,-4,939.12,756,0.7747509118812536
710145,66942,314272,32074.0,132459,1281,27,California,CA,CA-27,D+11,Obama,-28,35,63,Obama,-26,36,62,-11,699.9,1014,0.44254624055650604
715093,52891,490321,19167.0,99738,1227,28,California,CA,CA-28,D+20,Obama,-44,27,70,Obama,-45,27,71,-20,218.45,3273,0.6856744507357784
699591,45227,427309,28789.0,82191,1124,29,California,CA,CA-29,D+25,Obama,-57,21,77,Obama,-53,23,75,-25,92.03,7601,0.6107983092978612
733740,68057,491687,31748.0,141648,1383,30,California,CA,CA-30,D+14,Obama,-33,32,65,Obama,-34,32,66,-14,135.94,5397,0.6701106659034536
724820,52429,435565,76252.0,117897,1093,31,California,CA,CA-31,D+5,Obama,-17,41,57,Obama,-15,41,57,-5,218.24,3321,0.6009285063877928
706556,57940,364218,18329.0,116842,1221,32,California,CA,CA-32,D+12,Obama,-33,33,65,Obama,-27,36,62,-12,124.23,5687,0.5154835568589043
710864,92261,534326,21778.0,146070,1744,33,California,CA,CA-33,D+11,Obama,-24,37,61,Obama,-30,34,64,-11,288.58,2463,0.7516571383555786
705019,33990,259239,29505.0,48032,973,34,California,CA,CA-34,D+30,Obama,-69,14,83,Obama,-61,18,79,-30,47.66,14792,0.36770498383731504
717977,53626,415673,51994.0,109833,1136,35,California,CA,CA-35,D+15,Obama,-37,31,67,Obama,-33,33,65,-15,168.88,4251,0.5789503006363713
719201,43739,479632,31243.0,163193,976,36,California,CA,CA-36,R+1,Obama,-3,48,51,Obama,-3,48,51,1,5912.64,121,0.6668956244499104
723385,48752,290699,176207.0,93252,1234,37,California,CA,CA-37,D+34,Obama,-72,13,85,Obama,-73,13,85,-34,55.26,13090,0.4018593141964514
716482,60880,390094,30483.0,123692,1238,38,California,CA,CA-38,D+12,Obama,-32,33,65,Obama,-25,36,62,-12,101.46,7061,0.5444575020726271
716590,77547,396981,15772.0,149106,1412,39,California,CA,CA-39,R+5,Romney,-4,51,47,McCain,-3,50,48,5,204.4,3505,0.5539862403885066
705789,38890,386899,36038.0,59745,1040,40,California,CA,CA-40,D+29,Obama,-65,17,82,Obama,-59,20,79,-29,57.69,12234,0.548179413394088
724669,51855,431820,68807.0,113023,1145,41,California,CA,CA-41,D+9,Obama,-25,36,62,Obama,-21,39,59,-9,316.54,2289,0.5958858458137439
735611,70401,511075,39028.0,153049,1432,42,California,CA,CA-42,R+10,Romney,-15,57,41,McCain,-11,55,44,10,935.96,785,0.6947625851163183
708574,46555,265163,165999.0,99083,1124,43,California,CA,CA-43,D+26,Obama,-58,20,78,Obama,-55,22,76,-26,72.03,9837,0.37422061774775817
709907,44865,326318,111799.0,88557,1039,44,California,CA,CA-44,D+32,Obama,-71,14,85,Obama,-67,16,83,-32,79.36,8945,0.45966302628372446
728185,90408,473424,12414.0,167350,1757,45,California,CA,CA-45,R+7,Romney,-12,55,43,McCain,-4,51,47,7,330.39,2204,0.6501424775297486
715766,53152,418390,13744.0,76969,1314,46,California,CA,CA-46,D+9,Obama,-25,36,61,Obama,-20,39,59,-9,71.72,9980,0.5845346104732553
718815,56858,395704,54378.0,114354,1179,47,California,CA,CA-47,D+8,Obama,-23,38,60,Obama,-19,39,58,-8,216.21,3324,0.5504949117645013
718189,79094,489148,7092.0,152022,1625,48,California,CA,CA-48,R+7,Romney,-12,55,43,McCain,-5,51,46,7,145.47,4937,0.6810853410453237
711166,69082,549358,20766.0,149021,1498,49,California,CA,CA-49,R+4,Romney,-7,52,46,Obama,-1,49,50,4,553.08,1285,0.7724750620811456
724530,59303,583668,17620.0,146291,1205,50,California,CA,CA-50,R+14,Romney,-23,60,38,McCain,-19,59,40,14,2787.35,259,0.8055815494182436
726668,40686,465974,53603.0,84786,966,51,California,CA,CA-51,D+16,Obama,-41,29,69,Obama,-34,32,66,-16,4791.61,151,0.6412474472523904
711274,81752,495153,21895.0,145756,1579,52,California,CA,CA-52,D+2,Obama,-6,46,52,Obama,-12,43,55,-2,267.0,2663,0.6961494445178651
731722,60851,483767,56146.0,130155,1223,53,California,CA,CA-53,D+10,Obama,-25,36,61,Obama,-25,37,62,-10,135.43,5402,0.6611349665583377
754294,52776,580583,65193.0,166515,897,1,Colorado,CO,CO-1,D+18,Obama,-40,29,69,Obama,-43,28,71,-18,189.62,3977,0.7697038555258294
742337,66630,672797,6197.0,197092,1081,2,Colorado,CO,CO-2,D+8,Obama,-18,40,58,Obama,-24,37,61,-8,7535.34,98,0.9063228695323013
722813,47443,633080,7778.0,192658,845,3,Colorado,CO,CO-3,R+5,Romney,-6,52,46,McCain,-2,50,49,5,49731.77,14,0.8758558576007902
736505,62156,652521,9796.0,189084,905,4,Colorado,CO,CO-4,R+11,Romney,-19,59,39,McCain,-14,56,42,11,38102.67,19,0.8859695453527131
741804,55288,611256,42033.0,178028,917,5,Colorado,CO,CO-5,R+13,Romney,-21,59,38,McCain,-19,59,40,13,7265.72,102,0.8240128120096414
752009,65508,570635,69209.0,177657,1046,6,Colorado,CO,CO-6,D+1,Obama,-5,47,52,Obama,-9,45,54,-1,474.66,1584,0.7588140567466612
742314,58115,648821,9679.0,179774,973,7,Colorado,CO,CO-7,D+5,Obama,-15,42,56,Obama,-17,41,57,-5,342.11,2169,0.8740519510611412
717888,64312,516027,106878.0,183005,969,1,Connecticut,CT,CT-1,D+13,Obama,-28,36,63,Obama,-33,33,66,-13,675.45,1062,0.7188126838726933
713819,69782,623788,27998.0,192854,974,2,Connecticut,CT,CT-2,D+5,Obama,-13,43,56,Obama,-18,40,59,-5,1987.68,359,0.8738741893953509
715715,61654,536852,96401.0,173067,1086,3,Connecticut,CT,CT-3,D+11,Obama,-26,36,63,Obama,-26,36,63,-11,470.34,1521,0.7500918661757823
728906,83755,535421,89787.0,171046,1310,4,Connecticut,CT,CT-4,D+5,Obama,-11,44,55,Obama,-20,40,60,-5,460.73,1582,0.7345542497935262
715936,65272,577494,46795.0,183127,956,5,Connecticut,CT,CT-5,D+3,Obama,-8,45,54,Obama,-14,42,56,-3,1248.16,573,0.8066279667456309
916929,59399,637141,197999.0,240771,989,1,Delaware,DE,DE-1,D+8,Obama,-19,40,59,Obama,-25,37,62,-8,1948.54,470,0.6948640516332235
718569,49263,557453,94587.0,178587,935,1,Florida,FL,FL-1,R+21,Romney,-39,69,30,McCain,-35,67,32,21,4016.3,178,0.775782144790549
706059,43286,490202,173707.0,162197,862,2,Florida,FL,FL-2,R+6,Romney,-6,52,47,McCain,-5,52,47,6,8613.58,81,0.694279089991063
702726,44168,557450,95092.0,174303,846,3,Florida,FL,FL-3,R+14,Romney,-24,62,38,McCain,-20,59,40,14,7306.05,96,0.7932679308862914
704855,54580,549972,91964.0,176077,997,4,Florida,FL,FL-4,R+19,Romney,-34,66,33,McCain,-26,66,34,19,1875.97,375,0.7802626072028999
714393,32887,275886,374444.0,130167,842,5,Florida,FL,FL-5,D+21,Obama,-47,26,73,Obama,-42,26,73,-21,1355.03,527,0.3861823954042103
715041,44433,604850,65893.0,201817,912,6,Florida,FL,FL-6,R+9,Romney,-16,58,41,McCain,-8,54,46,9,2506.92,285,0.845895550045382
712946,52442,576751,66594.0,169689,1044,7,Florida,FL,FL-7,R+4,Romney,-5,52,47,McCain,-1,50,49,4,513.58,1388,0.8089687016969027
702424,46113,589686,70419.0,205715,862,8,Florida,FL,FL-8,R+9,Romney,-15,57,42,McCain,-11,55,44,9,1752.06,400,0.8395014976709224
732130,43998,550606,81023.0,142371,1021,9,Florida,FL,FL-9,D+8,Obama,-24,38,61,Obama,-21,39,60,-8,1707.49,428,0.7520604264270007
733108,49293,558146,87388.0,184377,988,10,Florida,FL,FL-10,R+6,Romney,-8,54,46,McCain,-5,52,47,6,1129.32,649,0.7613421214882391
706874,40187,614560,62736.0,228895,818,11,Florida,FL,FL-11,R+11,Romney,-19,59,40,McCain,-13,56,43,11,2509.88,281,0.8694052971250887
704266,49013,625963,32542.0,204074,947,12,Florida,FL,FL-12,R+7,Romney,-9,54,45,McCain,-6,52,47,7,883.75,796,0.8888161575313873
699803,44691,607402,41031.0,201969,916,13,Florida,FL,FL-13,R+1,Obama,-2,49,50,Obama,-4,48,51,1,186.03,3761,0.8679614119973764
731358,39727,464746,190816.0,139059,903,14,Florida,FL,FL-14,D+13,Obama,-31,34,65,Obama,-31,34,65,-13,265.4,2755,0.6354562334725264
712107,49716,548167,97439.0,165467,905,15,Florida,FL,FL-15,R+6,Romney,-7,53,46,McCain,-7,53,46,6,818.51,870,0.7697817884110113
714258,47987,627878,47822.0,218281,952,16,Florida,FL,FL-16,R+6,Romney,-9,54,45,McCain,-3,51,48,6,875.33,815,0.8790633076563371
708299,42278,598203,65312.0,201567,803,17,Florida,FL,FL-17,R+10,Romney,-16,58,42,McCain,-13,56,43,10,6369.97,111,0.8445628188095705
701546,50253,565087,86425.0,204174,1058,18,Florida,FL,FL-18,R+3,Romney,-4,52,48,Obama,-3,48,51,3,1512.55,463,0.8054881647105108
719346,49433,618705,55012.0,196551,950,19,Florida,FL,FL-19,R+12,Romney,-22,61,39,McCain,-15,57,42,12,750.37,958,0.860093751824574
730623,36937,287766,392500.0,135880,999,20,Florida,FL,FL-20,D+29,Obama,-66,17,83,Obama,-63,19,81,-29,2427.42,300,0.3938638668643062
724001,54655,575008,88834.0,207826,1234,21,Florida,FL,FL-21,D+10,Obama,-22,39,61,Obama,-28,36,64,-10,260.97,2774,0.7942088477778345
710861,53139,579100,81532.0,193338,1167,22,Florida,FL,FL-22,D+3,Obama,-10,45,55,Obama,-14,43,57,-3,172.88,4111,0.8146459012380761
726348,51707,555758,79780.0,170978,1203,23,Florida,FL,FL-23,D+9,Obama,-24,38,62,Obama,-24,39,61,-9,169.1,4295,0.7651401256697892
714608,36946,275908,395112.0,114680,987,24,Florida,FL,FL-24,D+34,Obama,-75,12,88,Obama,-73,14,86,-34,106.08,6736,0.38609699303674183
725733,47114,626000,55851.0,138318,1136,25,Florida,FL,FL-25,R+5,Romney,-2,51,49,McCain,-10,52,47,5,3232.71,224,0.8625761815984666
730196,50634,620534,72388.0,147051,1214,26,Florida,FL,FL-26,R+1,Obama,-7,46,53,Obama,-1,49,50,1,2098.66,347,0.8498184049214184
716553,41063,624316,57200.0,121729,1013,27,Florida,FL,FL-27,R+2,Obama,-7,47,53,McCain,-2,51,49,2,208.84,3431,0.871276793203015
712954,45074,455893,210164.0,157343,867,1,Georgia,GA,GA-1,R+9,Romney,-13,56,43,McCain,-11,55,44,9,7982.81,89,0.6394423763664977
696833,33333,303459,355846.0,141602,677,2,Georgia,GA,GA-2,D+6,Obama,-18,41,59,Obama,-16,42,58,-6,9626.23,72,0.4354831071433184
701967,51959,496390,167600.0,173114,855,3,Georgia,GA,GA-3,R+19,Romney,-33,66,33,McCain,-30,65,34,19,3838.27,182,0.7071415038028853
713474,48335,218193,417063.0,152788,919,4,Georgia,GA,GA-4,D+21,Obama,-48,26,74,Obama,-45,27,73,-21,496.6,1436,0.30581773126981504
718037,42282,239614,419271.0,126428,924,5,Georgia,GA,GA-5,D+32,Obama,-67,16,83,Obama,-70,15,84,-32,264.91,2710,0.33370703738108204
716040,76359,508061,99233.0,170192,1044,6,Georgia,GA,GA-6,R+14,Romney,-24,61,37,McCain,-13,59,40,14,298.76,2396,0.7095427629741355
713767,62620,415732,135077.0,156156,1008,7,Georgia,GA,GA-7,R+14,Romney,-22,60,38,McCain,-21,60,39,14,392.61,1818,0.5824477735731688
699934,39310,448765,210768.0,161207,708,8,Georgia,GA,GA-8,R+15,Romney,-24,62,38,McCain,-24,61,38,15,8711.64,80,0.6411533087405384
708866,43823,617181,49840.0,182342,746,9,Georgia,GA,GA-9,R+30,Romney,-58,78,21,McCain,-51,75,24,30,5210.81,136,0.8706596169092607
703566,46336,489631,171888.0,167547,758,10,Georgia,GA,GA-10,R+14,Romney,-26,63,36,McCain,-22,58,41,14,7096.22,99,0.6959276030962269
711409,60277,533327,111419.0,171337,945,11,Georgia,GA,GA-11,R+19,Romney,-35,67,32,McCain,-29,65,34,19,1071.25,664,0.7496770493485463
702920,40117,418584,245365.0,153633,698,12,Georgia,GA,GA-12,R+9,Romney,-12,55,44,McCain,-12,56,44,9,8185.27,85,0.5954930859841803
712229,49626,257388,398073.0,159594,904,13,Georgia,GA,GA-13,D+16,Obama,-39,30,69,Obama,-32,32,68,-16,714.95,996,0.3613837684227966
693997,43155,596182,61401.0,171787,688,14,Georgia,GA,GA-14,R+26,Romney,-48,73,25,McCain,-44,71,28,26,3623.16,191,0.8590555866956198
696072,70989,126209,16158.0,122826,1409,1,Hawaii,HI,HI-1,D+18,Obama,-41,29,70,Obama,-42,28,70,-18,209.22,3326,0.1813160132859819
694276,61796,223984,11288.0,131191,1351,2,Hawaii,HI,HI-2,D+21,Obama,-45,27,71,Obama,-48,25,73,-21,6213.4,111,0.32261521354619777
803330,47111,747905,,209336,748,1,Idaho,ID,ID-1,R+18,Romney,-33,65,32,McCain,-27,63,35,18,39418.02,20,0.9310059377839742
793892,44866,719284,5390.0,191720,698,2,Idaho,ID,ID-2,R+17,Romney,-31,64,33,McCain,-24,61,37,17,43225.09,18,0.9060224816473778
712618,47676,290301,365796.0,159055,886,1,Illinois,IL,IL-1,D+28,Obama,-59,20,79,Obama,-62,19,81,-28,258.38,2758,0.4073725333909612
708298,44316,266958,394079.0,162658,869,2,Illinois,IL,IL-2,D+29,Obama,-62,19,81,Obama,-63,18,81,-29,1080.67,655,0.3769006830458366
716709,60066,552782,32319.0,180979,904,3,Illinois,IL,IL-3,D+5,Obama,-14,43,56,Obama,-18,41,58,-5,237.18,3021,0.7712781617085874
718208,42069,432579,31017.0,98463,866,4,Illinois,IL,IL-4,D+29,Obama,-64,17,81,Obama,-62,18,81,-29,52.45,13693,0.6023032324897523
724545,66581,589359,19160.0,160669,1078,5,Illinois,IL,IL-5,D+16,Obama,-34,32,66,Obama,-41,29,70,-16,95.71,7570,0.813419456348467
721408,89382,613738,19537.0,207975,1130,6,Illinois,IL,IL-6,R+4,Romney,-8,53,45,Obama,-4,48,51,4,378.78,1904,0.8507501996096523
719753,47233,237795,376185.0,116977,1005,7,Illinois,IL,IL-7,D+36,Obama,-76,12,87,Obama,-80,10,90,-36,62.52,11512,0.33038417345950627
720402,63357,498129,36422.0,172773,1036,8,Illinois,IL,IL-8,D+8,Obama,-17,41,58,Obama,-24,37,62,-8,205.52,3505,0.6914597682960347
715178,62127,523104,63740.0,176616,974,9,Illinois,IL,IL-9,D+15,Obama,-32,33,65,Obama,-38,30,69,-15,105.35,6788,0.7314318952764207
712624,68318,544445,48349.0,177717,1025,10,Illinois,IL,IL-10,D+8,Obama,-16,41,58,Obama,-27,36,63,-8,299.78,2377,0.7640003704618424
716438,66806,475652,77397.0,174913,1044,11,Illinois,IL,IL-11,D+8,Obama,-17,41,58,Obama,-24,37,62,-8,280.95,2550,0.6639122994592693
708957,43900,560528,118937.0,190027,694,12,Illinois,IL,IL-12,R+0,Obama,-2,48,50,Obama,-11,44,55,0,5008.21,141,0.790637513981807
715252,46780,588425,80298.0,184041,732,13,Illinois,IL,IL-13,R+0,Romney,0,49,49,Obama,-11,44,55,0,5793.65,123,0.8226820756880092
721517,81374,632568,20860.0,203545,1038,14,Illinois,IL,IL-14,R+5,Romney,-10,54,44,Obama,-3,49,50,5,1597.6,451,0.8767194674553753
708115,46686,657549,30098.0,208503,609,15,Illinois,IL,IL-15,R+14,Romney,-30,64,34,McCain,-13,55,43,14,14695.67,48,0.9285906950142279
706371,53768,642286,27910.0,197894,751,16,Illinois,IL,IL-16,R+4,Romney,-8,53,45,Obama,-2,48,50,4,7917.49,89,0.9092757205491165
708861,42629,585625,79157.0,192897,635,17,Illinois,IL,IL-17,D+7,Obama,-17,41,57,Obama,-22,39,60,-7,6933.08,102,0.8261492732707822
713516,58322,649571,26641.0,211052,677,18,Illinois,IL,IL-18,R+11,Romney,-23,61,37,McCain,-10,54,44,11,10515.95,67,0.9103804259470005
719585,51538,504758,141202.0,188016,792,1,Indiana,IN,IN-1,D+10,Obama,-24,37,61,Obama,-28,36,63,-10,1157.02,621,0.7014570898503999
719832,45073,622620,50003.0,193578,689,2,Indiana,IN,IN-2,R+6,Romney,-14,56,42,Obama,-1,49,50,6,3958.58,181,0.8649518220918214
726471,47661,639993,44527.0,201940,653,3,Indiana,IN,IN-3,R+13,Romney,-27,63,36,McCain,-13,56,43,13,4180.37,173,0.8809615249610789
731304,50652,665323,26308.0,193324,730,4,Indiana,IN,IN-4,R+11,Romney,-24,61,37,McCain,-10,54,45,11,6352.55,115,0.9097762353275792
734988,61047,623830,58767.0,203131,818,5,Indiana,IN,IN-5,R+9,Romney,-17,58,41,McCain,-6,53,47,9,1924.76,381,0.8487621566610611
721048,44994,673753,16510.0,196940,680,6,Indiana,IN,IN-6,R+12,Romney,-23,60,37,McCain,-12,55,44,12,6206.83,116,0.9344079728395336
736200,37867,443918,212347.0,148926,747,7,Indiana,IN,IN-7,D+13,Obama,-28,35,63,Obama,-34,33,66,-13,303.84,2422,0.602985601738658
721929,46160,667696,28430.0,199387,663,8,Indiana,IN,IN-8,R+8,Romney,-19,58,40,McCain,-2,51,48,8,7255.39,99,0.9248776541737483
730316,49426,673321,19341.0,193761,752,9,Indiana,IN,IN-9,R+9,Romney,-17,57,41,McCain,-6,53,46,9,4486.77,162,0.9219584399082041
766577,52197,706117,26248.0,225194,643,1,Iowa,IA,IA-1,D+5,Obama,-14,42,56,Obama,-18,40,58,-5,12048.84,63,0.9211299060629264
769113,49843,698742,28255.0,215334,678,2,Iowa,IA,IA-2,D+4,Obama,-13,43,56,Obama,-16,41,57,-4,12261.92,62,0.9085036919152322
780488,56768,699414,30065.0,217463,755,3,Iowa,IA,IA-3,R+0,Obama,-4,47,51,Obama,-6,46,52,0,8789.62,88,0.8961239634690091
760341,47931,708539,10106.0,222619,608,4,Iowa,IA,IA-4,R+5,Romney,-8,53,45,McCain,-2,50,48,5,22756.75,33,0.9318700425203954
720915,45276,637636,22100.0,183114,652,1,Kansas,KS,KS-1,R+23,Romney,-42,70,28,McCain,-36,67,31,23,52542.5,13,0.884481526948392
714295,47431,627103,31574.0,184895,705,2,Kansas,KS,KS-2,R+8,Romney,-13,55,42,McCain,-8,53,45,8,14143.34,50,0.8779327868737706
731209,64341,597206,64187.0,189203,876,3,Kansas,KS,KS-3,R+6,Romney,-10,54,44,McCain,-1,50,49,6,757.2,965,0.8167377589717851
716547,48808,600031,48886.0,182671,689,4,Kansas,KS,KS-4,R+14,Romney,-26,62,36,McCain,-19,59,40,14,14315.68,50,0.8373923831932867
724590,38025,650418,50528.0,197332,570,1,Kentucky,KY,KY-1,R+18,Romney,-34,66,32,McCain,-25,62,37,18,12079.5,59,0.8976359044425123
734009,44716,659466,41542.0,194260,640,2,Kentucky,KY,KY-2,R+16,Romney,-28,63,35,McCain,-24,62,37,16,7177.44,102,0.8984440245283096
732544,46049,533027,154794.0,182972,723,3,Kentucky,KY,KY-3,D+4,Obama,-13,43,56,Obama,-13,43,56,-4,319.34,2293,0.7276382033024638
733183,54255,677255,25111.0,195298,718,4,Kentucky,KY,KY-4,R+16,Romney,-29,63,35,McCain,-25,62,37,16,4382.19,167,0.9237189078306507
717238,30674,694533,9415.0,198818,537,5,Kentucky,KY,KY-5,R+25,Romney,-52,75,23,McCain,-35,67,32,25,11235.15,63,0.9683438412354058
739071,45022,630253,65584.0,178264,697,6,Kentucky,KY,KY-6,R+9,Romney,-14,56,42,McCain,-9,54,45,9,4292.72,172,0.852763807536759
769630,53066,618092,98939.0,201208,897,1,Louisiana,LA,LA-1,R+26,Romney,-44,71,27,McCain,-48,73,25,26,4030.23,190,0.8031027896521705
772514,35423,242274,481938.0,159583,834,2,Louisiana,LA,LA-2,D+23,Obama,-53,23,76,Obama,-48,26,74,-23,1268.48,609,0.3136176172859003
764129,44650,540440,186925.0,200324,692,3,Louisiana,LA,LA-3,R+19,Romney,-34,66,32,McCain,-31,64,34,19,6983.32,109,0.7072627789286887
762185,41375,467287,257320.0,188638,692,4,Louisiana,LA,LA-4,R+13,Romney,-19,59,40,McCain,-19,59,40,13,12435.1,61,0.6130886858177477
758015,34911,469995,267984.0,180480,614,5,Louisiana,LA,LA-5,R+15,Romney,-23,61,38,McCain,-25,62,37,15,14452.88,52,0.6200339043422624
774460,56126,554341,181786.0,206087,843,6,Louisiana,LA,LA-6,R+21,Romney,-34,66,32,McCain,-37,68,31,21,4033.89,191,0.7157774449293701
668113,53117,632280,9872.0,194974,856,1,Maine,ME,ME-1,D+9,Obama,-21,38,59,Obama,-24,37,61,-9,3285.52,203,0.946366857103514
660104,41965,630211,4405.0,196504,683,2,Maine,ME,ME-2,D+2,Obama,-9,44,53,Obama,-11,44,54,-2,27557.4,23,0.954714711621199
724648,67161,601504,87465.0,204886,978,1,Maryland,MD,MD-1,R+14,Romney,-23,61,37,McCain,-21,60,39,14,3977.06,182,0.8300636998929135
735103,60429,418878,238210.0,170782,1104,2,Maryland,MD,MD-2,D+10,Obama,-28,35,63,Obama,-23,38,61,-10,348.88,2107,0.5698221881831526
731332,76241,476416,156204.0,180926,1270,3,Maryland,MD,MD-3,D+9,Obama,-25,37,61,Obama,-22,38,60,-9,304.14,2404,0.6514360099106835
737812,72990,236201,393202.0,163229,1235,4,Maryland,MD,MD-4,D+26,Obama,-57,21,78,Obama,-56,22,77,-26,297.81,2477,0.3201371080979979
738847,89631,392125,278369.0,191536,1398,5,Maryland,MD,MD-5,D+14,Obama,-34,32,66,Obama,-32,34,65,-14,1481.24,498,0.5307255764725308
741402,72021,513457,98304.0,184591,1205,6,Maryland,MD,MD-6,D+4,Obama,-12,43,55,Obama,-14,42,56,-4,1950.26,380,0.6925487117650074
725387,53336,258383,397331.0,151561,997,7,Maryland,MD,MD-7,D+24,Obama,-53,23,76,Obama,-54,23,77,-24,488.03,1486,0.3562002076133154
750109,94476,517183,87301.0,187377,1509,8,Maryland,MD,MD-8,D+11,Obama,-27,36,62,Obama,-27,36,63,-11,859.85,872,0.6894771293238716
729781,51358,607151,45944.0,185364,788,1,Massachusetts,MA,MA-1,D+13,Obama,-30,34,64,Obama,-32,34,64,-13,2350.29,310,0.8319632876164219
736220,61566,629586,33804.0,173166,917,2,Massachusetts,MA,MA-2,D+8,Obama,-20,39,59,Obama,-23,37,60,-8,1628.0,452,0.8551601423487545
739063,66579,567963,27513.0,173860,991,3,Massachusetts,MA,MA-3,D+6,Obama,-16,41,57,Obama,-19,39,58,-6,757.86,975,0.7684906428815946
737702,84056,651257,18823.0,191811,1109,4,Massachusetts,MA,MA-4,D+6,Obama,-16,41,57,Obama,-23,39,58,-6,668.27,1103,0.882818536482211
742861,80814,589440,36746.0,171872,1325,5,Massachusetts,MA,MA-5,D+14,Obama,-32,33,65,Obama,-33,32,66,-14,265.08,2802,0.7934728031219838
742624,77279,643200,23075.0,193007,1117,6,Massachusetts,MA,MA-6,D+4,Obama,-11,44,55,Obama,-15,42,56,-4,526.79,1409,0.8661179816434696
745297,50983,381785,193291.0,93469,1246,7,Massachusetts,MA,MA-7,D+31,Obama,-67,16,82,Obama,-65,16,82,-31,62.67,11892,0.5122588712956043
744449,73465,586087,69294.0,178801,1243,8,Massachusetts,MA,MA-8,D+6,Obama,-17,41,58,Obama,-17,39,59,-6,326.37,2280,0.7872762271156251
730141,60399,660672,19919.0,206881,882,9,Massachusetts,MA,MA-9,D+5,Obama,-12,43,55,Obama,-17,41,58,-5,1214.74,601,0.9048553635530672
705172,42299,652472,11128.0,227138,636,1,Michigan,MI,MI-1,R+5,Romney,-8,54,45,Obama,-1,48,50,5,25027.75,28,0.9252664598140595
711835,47729,616249,43702.0,194743,712,2,Michigan,MI,MI-2,R+7,Romney,-13,56,43,McCain,-2,50,48,7,3281.19,216,0.865718881482366
714507,50381,605791,62579.0,192935,735,3,Michigan,MI,MI-3,R+4,Romney,-7,53,46,Obama,-1,49,50,4,2628.74,271,0.8478447377002605
703410,43262,661073,13035.0,208197,679,4,Michigan,MI,MI-4,R+5,Romney,-8,53,45,Obama,-1,49,50,5,8457.8,83,0.9398117740720205
695505,40286,540323,122390.0,198113,680,5,Michigan,MI,MI-5,D+10,Obama,-22,38,61,Obama,-28,35,63,-10,2348.7,296,0.776878670893811
708717,45848,603860,59900.0,195931,685,6,Michigan,MI,MI-6,R+1,Romney,-1,50,49,Obama,-8,45,53,1,3546.74,199,0.8520467266906254
703242,50727,644838,29821.0,204207,742,7,Michigan,MI,MI-7,R+3,Romney,-3,51,48,Obama,-3,47,51,3,4227.73,166,0.9169503527946283
713390,61476,617797,38476.0,193964,814,8,Michigan,MI,MI-8,R+2,Romney,-3,51,48,Obama,-6,46,52,2,1503.18,474,0.8660017662148334
712724,50314,580828,81014.0,208769,818,9,Michigan,MI,MI-9,D+6,Obama,-15,42,57,Obama,-18,40,58,-6,183.59,3882,0.8149409869739198
704740,54864,655761,20519.0,212509,783,10,Michigan,MI,MI-10,R+6,Romney,-12,55,44,McCain,-2,50,48,6,4140.44,170,0.9305006101540994
711982,72072,593783,37119.0,207228,927,11,Michigan,MI,MI-11,R+4,Romney,-5,52,47,Obama,-2,48,50,4,419.26,1698,0.8339859715554607
706046,50651,562243,75504.0,173086,864,12,Michigan,MI,MI-12,D+15,Obama,-34,33,66,Obama,-36,31,67,-15,403.21,1751,0.7963263016857258
692167,30694,262196,385640.0,144827,749,13,Michigan,MI,MI-13,D+34,Obama,-71,14,85,Obama,-74,13,86,-34,184.85,3744,0.3788045370553638
700805,40365,239348,402186.0,153172,852,14,Michigan,MI,MI-14,D+29,Obama,-62,19,81,Obama,-63,18,81,-29,185.73,3773,0.34153295139161394
667108,54130,615146,16609.0,193711,680,1,Minnesota,MN,MN-1,R+1,Obama,-1,48,49,Obama,-4,47,51,1,11973.99,55,0.9221085641305455
675357,72975,585240,26378.0,195572,915,2,Minnesota,MN,MN-2,R+2,Obama,0,49,49,Obama,-3,48,50,2,2437.91,277,0.8665639062007205
681063,76753,560708,47182.0,197578,1022,3,Minnesota,MN,MN-3,R+2,Obama,-1,49,50,Obama,-4,47,51,2,527.05,1292,0.8232836022511868
679186,61118,500694,64678.0,168295,862,4,Minnesota,MN,MN-4,D+11,Obama,-27,35,62,Obama,-27,36,63,-11,332.49,2042,0.7371971742644872
680525,52282,473346,106903.0,155432,859,5,Minnesota,MN,MN-5,D+22,Obama,-49,24,73,Obama,-49,25,73,-22,135.66,5016,0.6955600455530656
675512,70006,622393,14371.0,193539,853,6,Minnesota,MN,MN-6,R+10,Romney,-15,56,41,McCain,-12,55,43,10,2882.22,234,0.9213648314167624
662229,49832,612337,5842.0,202647,615,7,Minnesota,MN,MN-7,R+6,Romney,-10,54,44,McCain,-3,50,47,6,33429.31,19,0.9246605026357951
661396,48587,618240,6804.0,208851,672,8,Minnesota,MN,MN-8,D+1,Obama,-6,46,52,Obama,-9,45,53,-1,27908.13,23,0.9347501345638619
749704,40643,524544,201994.0,197558,678,1,Mississippi,MS,MS-1,R+16,Romney,-25,62,37,McCain,-26,62,37,16,10572.8,70,0.699668135690886
733729,31092,240792,475918.0,160486,629,2,Mississippi,MS,MS-2,D+13,Obama,-33,33,66,Obama,-29,35,64,-13,15551.51,47,0.32817566158622596
747670,40736,459954,262468.0,198895,717,3,Mississippi,MS,MS-3,R+14,Romney,-21,60,39,McCain,-22,61,38,14,12754.48,58,0.615183169045167
754078,40691,546567,176333.0,187762,766,4,Mississippi,MS,MS-4,R+21,Romney,-36,68,31,McCain,-37,68,31,21,8044.48,93,0.7248149395685858
743002,39346,329758,363329.0,166699,771,1,Missouri,MO,MO-1,D+28,Obama,-61,19,80,Obama,-62,19,80,-28,225.36,3296,0.44381845540119674
757748,72999,679521,28346.0,232369,901,2,Missouri,MO,MO-2,R+8,Romney,-16,57,42,McCain,-6,53,47,8,465.76,1626,0.8967638317752076
758554,53616,707790,24079.0,220037,712,3,Missouri,MO,MO-3,R+13,Romney,-26,62,36,McCain,-13,56,43,13,6851.54,110,0.9330779351239332
755505,43778,678661,33399.0,194141,714,4,Missouri,MO,MO-4,R+13,Romney,-25,61,36,McCain,-15,57,42,13,14401.38,52,0.8982879001462598
753557,43745,520791,162249.0,180104,774,5,Missouri,MO,MO-5,D+9,Obama,-20,39,59,Obama,-25,37,62,-9,2424.85,310,0.6911102942444964
752997,51353,685174,31030.0,201998,706,6,Missouri,MO,MO-6,R+12,Romney,-22,60,38,McCain,-12,55,43,12,18198.62,41,0.9099292560262524
756384,40942,699423,12710.0,194208,666,7,Missouri,MO,MO-7,R+19,Romney,-37,68,30,McCain,-28,63,35,19,6272.84,120,0.924693013072725
748508,37183,692090,34277.0,202458,574,8,Missouri,MO,MO-8,R+17,Romney,-34,66,32,McCain,-22,60,38,17,19901.17,37,0.9246260561009368
1006086,45951,897554,4497.0,272702,683,1,Montana,MT,MT-1,R+7,Romney,-14,55,42,McCain,-2,50,47,7,145545.8,6,0.892124530109752
620380,52337,560180,16308.0,159082,701,1,Nebraska,NE,NE-1,R+10,Romney,-17,57,41,McCain,-10,54,44,10,8879.02,69,0.9029627002804732
626491,55640,505315,62752.0,152533,788,2,Nebraska,NE,NE-2,R+4,Romney,-7,53,46,Obama,-1,49,50,4,509.74,1229,0.8065798231738365
608338,46933,572349,6391.0,172585,605,3,Nebraska,NE,NE-3,R+23,Romney,-42,70,28,McCain,-36,67,31,23,67435.41,9,0.9408404538266556
666665,37860,412558,65876.0,100237,839,1,Nevada,NV,NV-1,D+14,Obama,-33,32,65,Obama,-32,33,65,-14,104.5,6379,0.6188385470963678
684685,52506,566722,13499.0,156341,886,2,Nevada,NV,NV-2,R+5,Romney,-8,53,45,Obama,-1,48,49,5,55829.71,12,0.827712013553678
710840,61836,503968,51758.0,154716,1170,3,Nevada,NV,NV-3,R+0,Obama,-1,49,49,Obama,-9,45,54,0,2848.99,249,0.7089752968319172
691958,51567,440823,98296.0,138241,1016,4,Nevada,NV,NV-4,D+4,Obama,-11,44,54,Obama,-15,41,56,-4,50997.97,13,0.6370661225103258
660887,65116,620342,9475.0,181821,1009,1,New Hampshire,NH,NH-1,R+1,Obama,-2,48,50,Obama,-6,46,53,1,2463.65,268,0.9386506316510992
660163,64209,619455,6870.0,185296,946,2,New Hampshire,NH,NH-2,D+3,Obama,-10,44,54,Obama,-13,43,56,-3,6489.0,101,0.9383364411516549
733235,62669,503971,124534.0,187025,979,1,New Jersey,NJ,NJ-1,D+13,Obama,-32,34,66,Obama,-31,34,65,-13,350.02,2094,0.6873253458986546
733779,57154,544750,97270.0,191491,1028,2,New Jersey,NJ,NJ-2,D+1,Obama,-8,46,54,Obama,-8,45,53,-1,2092.43,350,0.7423897385997691
738478,71875,599546,77455.0,225982,1229,3,New Jersey,NJ,NJ-3,R+1,Obama,-5,48,52,Obama,-3,48,51,1,899.7,820,0.8118671104623293
734432,74144,625821,50003.0,204440,1228,4,New Jersey,NJ,NJ-4,R+7,Romney,-10,55,45,McCain,-9,54,45,7,691.88,1061,0.8521156485556185
736245,90025,579790,35764.0,199917,1265,5,New Jersey,NJ,NJ-5,R+4,Romney,-3,52,49,McCain,-2,51,48,4,991.3,742,0.7874960101596615
738730,74151,487618,73017.0,158777,1243,6,New Jersey,NJ,NJ-6,D+8,Obama,-24,38,62,Obama,-18,41,58,-8,215.55,3427,0.6600760765096856
738426,100056,594847,32606.0,205224,1318,7,New Jersey,NJ,NJ-7,R+6,Romney,-6,53,47,McCain,-5,52,47,6,970.19,761,0.8055607467776054
756575,52803,424199,78201.0,78138,1142,8,New Jersey,NJ,NJ-8,D+24,Obama,-58,21,79,Obama,-48,26,73,-24,54.69,13833,0.560683342695701
744305,59752,468201,84849.0,126618,1208,9,New Jersey,NJ,NJ-9,D+14,Obama,-38,31,69,Obama,-29,35,64,-14,95.34,7806,0.6290445449110244
729719,45478,218784,388437.0,104034,1039,10,New Jersey,NJ,NJ-10,D+34,Obama,-77,12,88,Obama,-70,15,85,-34,75.92,9611,0.29981951956849145
740274,98315,618405,27670.0,206558,1368,11,New Jersey,NJ,NJ-11,R+6,Romney,-6,53,47,McCain,-5,52,47,6,504.97,1465,0.8353731186020311
743711,77585,429318,131012.0,174890,1200,12,New Jersey,NJ,NJ-12,D+14,Obama,-35,33,67,Obama,-33,33,66,-14,412.23,1804,0.5772645557212411
695527,46601,498373,19982.0,171687,779,1,New Mexico,NM,NM-1,D+7,Obama,-16,40,55,Obama,-21,39,60,-7,4600.14,151,0.7165401199378313
698308,39541,566808,11768.0,169496,682,2,New Mexico,NM,NM-2,R+5,Romney,-7,52,45,McCain,-2,50,48,5,71739.49,9,0.8116876793621153
688415,45593,452699,11908.0,176348,812,3,New Mexico,NM,NM-3,D+8,Obama,-19,39,58,Obama,-24,38,61,-8,44958.52,15,0.6575960721367199
721952,86217,636243,34221.0,198540,1547,1,New York,NY,NY-1,R+2,Obama,-1,49,50,Obama,-4,48,51,2,650.02,1110,0.8812815810469394
721509,86213,545349,71538.0,180725,1446,2,New York,NY,NY-2,R+1,Obama,-4,47,52,Obama,-5,48,51,1,182.01,3964,0.7558450414339946
722406,100098,555765,23888.0,200403,1632,3,New York,NY,NY-3,R+0,Obama,-3,48,51,Obama,-10,46,54,0,254.92,2833,0.7693250056062657
717348,90822,487223,99777.0,180015,1437,4,New York,NY,NY-4,D+3,Obama,-12,43,56,Obama,-8,44,55,-3,110.85,6471,0.6792003323352125
758430,59103,139031,381058.0,123442,1212,5,New York,NY,NY-5,D+35,Obama,-80,10,90,Obama,-72,14,86,-35,51.88,14618,0.18331421489128857
719242,56703,351742,26420.0,122545,1344,6,New York,NY,NY-6,D+13,Obama,-37,31,68,Obama,-28,36,63,-13,29.78,24151,0.4890454116973147
747740,43445,363827,80933.0,52986,1162,7,New York,NY,NY-7,D+34,Obama,-78,10,89,Obama,-70,15,84,-34,16.16,46271,0.4865688608339797
724024,43075,208992,411251.0,89259,1074,8,New York,NY,NY-8,D+35,Obama,-79,10,89,Obama,-73,14,86,-35,29.66,24410,0.28865341480392914
734048,46645,244240,381765.0,78808,1148,9,New York,NY,NY-9,D+32,Obama,-71,14,85,Obama,-69,15,84,-32,15.54,47236,0.3327302846680326
721942,75223,515413,29862.0,88332,1639,10,New York,NY,NY-10,D+23,Obama,-49,25,74,Obama,-53,23,76,-23,14.25,50662,0.7139257724304723
729585,63706,530914,57103.0,148496,1180,11,New York,NY,NY-11,R+2,Obama,-4,47,52,McCain,-3,51,48,2,65.83,11082,0.727693140621038
715554,86583,538124,35379.0,97145,1798,12,New York,NY,NY-12,D+27,Obama,-55,22,77,Obama,-62,19,80,-27,14.79,48380,0.7520382808285608
750812,34649,195414,226925.0,26571,1038,13,New York,NY,NY-13,D+42,Obama,-90,5,95,Obama,-88,6,93,-42,10.25,73249,0.26027021411485163
720579,49481,337174,80253.0,73062,1295,14,New York,NY,NY-14,D+26,Obama,-62,18,81,Obama,-53,23,76,-26,28.29,25471,0.46792093580301397
735322,24612,113885,242019.0,21207,952,15,New York,NY,NY-15,D+43,Obama,-94,3,97,Obama,-90,5,95,-43,14.54,50572,0.15487772703659078
731103,61864,352036,238674.0,129436,1202,16,New York,NY,NY-16,D+21,Obama,-48,26,74,Obama,-45,26,73,-21,78.37,9328,0.4815135487065434
730465,87135,510273,77863.0,162472,1395,17,New York,NY,NY-17,D+5,Obama,-15,42,57,Obama,-17,41,58,-5,382.63,1909,0.6985591369880829
719331,75236,562611,65299.0,174537,1148,18,New York,NY,NY-18,R+0,Obama,-4,47,51,Obama,-5,47,52,0,1353.42,531,0.7821308966247805
714225,56611,642244,30990.0,199225,880,19,New York,NY,NY-19,D+1,Obama,-6,46,52,Obama,-8,45,53,-1,7937.02,89,0.8992180335328503
720872,59248,587936,66574.0,175048,875,20,New York,NY,NY-20,D+7,Obama,-20,39,59,Obama,-19,40,58,-7,1231.28,585,0.8155900076573928
720207,49966,664236,21806.0,194393,789,21,New York,NY,NY-21,R+0,Obama,-6,46,52,Obama,-5,47,52,0,15114.76,47,0.9222848431076066
715730,47200,647216,27456.0,191038,674,22,New York,NY,NY-22,R+3,Romney,-1,49,49,McCain,0,49,49,3,5077.45,140,0.9042739580568091
715111,46015,655524,20638.0,195998,675,23,New York,NY,NY-23,R+3,Romney,-1,50,48,Obama,-1,49,50,3,7371.65,97,0.9166744743123795
714256,52243,608708,58327.0,190205,737,24,New York,NY,NY-24,D+5,Obama,-16,41,57,Obama,-15,42,56,-5,2388.56,299,0.8522266526287493
721731,51226,542751,114435.0,182246,810,25,New York,NY,NY-25,D+7,Obama,-19,39,59,Obama,-19,40,59,-7,510.19,1414,0.7520128690606334
715879,43140,523225,128959.0,179650,705,26,New York,NY,NY-26,D+12,Obama,-30,34,64,Obama,-32,35,63,-12,219.13,3266,0.7308846886135786
717257,57982,671684,16777.0,216601,715,27,New York,NY,NY-27,R+8,Romney,-12,55,43,McCain,-10,54,45,8,3973.13,180,0.9364621049358877
729775,33023,288522,386127.0,150149,709,1,North Carolina,NC,NC-1,D+19,Obama,-47,26,73,Obama,-42,29,71,-19,5494.28,132,0.3953574731937926
762421,50817,556946,121347.0,187515,807,2,North Carolina,NC,NC-2,R+10,Romney,-16,58,41,McCain,-12,56,43,10,3246.68,234,0.7304966678514889
751070,45148,560716,141243.0,178488,835,3,North Carolina,NC,NC-3,R+11,Romney,-19,59,40,McCain,-13,56,43,11,7810.08,96,0.7465562464217717
760235,48947,419173,244815.0,153283,866,4,North Carolina,NC,NC-4,D+20,Obama,-46,27,72,Obama,-45,27,72,-20,1045.35,727,0.5513729307385217
739563,42662,602205,92710.0,201454,693,5,North Carolina,NC,NC-5,R+11,Romney,-19,59,40,McCain,-15,57,42,11,3571.86,207,0.8142714008137237
750726,48309,581717,117680.0,215309,715,6,North Carolina,NC,NC-6,R+10,Romney,-17,58,41,McCain,-12,56,43,10,3674.55,204,0.7748725899995471
752665,45594,558151,129612.0,201605,756,7,North Carolina,NC,NC-7,R+12,Romney,-19,59,40,McCain,-16,58,42,12,6161.77,122,0.7415663010768403
743193,40444,508683,139648.0,185511,672,8,North Carolina,NC,NC-8,R+11,Romney,-17,58,41,McCain,-16,57,42,11,4512.78,164,0.684456123779422
766831,70150,602455,101039.0,208946,969,9,North Carolina,NC,NC-9,R+8,Romney,-14,56,43,McCain,-9,54,45,8,856.93,894,0.7856424688099464
738516,42466,607826,85311.0,196836,704,10,North Carolina,NC,NC-10,R+11,Romney,-17,58,41,McCain,-15,57,42,11,2575.16,286,0.8230370093538935
735480,39501,667209,23190.0,213920,659,11,North Carolina,NC,NC-11,R+13,Romney,-23,61,38,McCain,-18,58,40,13,6838.24,107,0.9071749061837168
759136,35657,282546,381872.0,129645,766,12,North Carolina,NC,NC-12,D+26,Obama,-58,21,79,Obama,-57,21,78,-26,549.66,1381,0.37219417864519666
759655,62691,566759,129038.0,211242,874,13,North Carolina,NC,NC-13,R+8,Romney,-13,56,43,McCain,-9,54,45,8,2280.59,333,0.7460742047376769
703203,54920,628411,9669.0,189954,664,1,North Dakota,ND,ND-1,R+10,Romney,-20,58,39,McCain,-9,53,45,10,69000.8,10,0.8936409543190231
727426,50840,527281,159378.0,171418,694,1,Ohio,OH,OH-1,R+6,Romney,-6,52,46,McCain,-5,52,47,6,686.96,1058,0.7248586110477216
720413,50128,631372,60506.0,195258,707,2,Ohio,OH,OH-2,R+8,Romney,-11,55,44,McCain,-10,54,44,8,3221.62,223,0.8764028411480637
733312,40039,422964,238871.0,132608,767,3,Ohio,OH,OH-3,D+17,Obama,-41,29,70,Obama,-36,31,67,-17,228.0,3216,0.5767858701344039
715770,46843,649308,38083.0,193727,661,4,Ohio,OH,OH-4,R+9,Romney,-14,56,42,McCain,-11,54,44,9,4664.87,153,0.9071461502996773
724116,50774,668388,21623.0,208091,672,5,Ohio,OH,OH-5,R+7,Romney,-10,54,44,McCain,-6,52,46,7,5626.47,128,0.9230399549243491
714160,42162,681075,15672.0,207975,585,6,Ohio,OH,OH-6,R+8,Romney,-13,55,43,McCain,-8,53,45,8,7215.03,98,0.95367284642097
722682,48457,673316,26943.0,202482,662,7,Ohio,OH,OH-7,R+6,Romney,-10,54,44,McCain,-4,51,47,6,3864.76,186,0.931690563761101
723551,50426,646594,41986.0,191808,724,8,Ohio,OH,OH-8,R+15,Romney,-26,62,36,McCain,-22,60,38,15,2450.49,295,0.8936398401771264
715939,39544,544890,111785.0,178479,660,9,Ohio,OH,OH-9,D+15,Obama,-37,31,68,Obama,-35,32,67,-15,464.65,1540,0.7610843940615052
724109,45313,560543,123155.0,182723,733,10,Ohio,OH,OH-10,R+3,Romney,-2,50,48,McCain,0,49,49,3,1129.76,640,0.7741141181783405
704662,32963,284118,379203.0,151714,687,11,Ohio,OH,OH-11,D+30,Obama,-67,16,83,Obama,-65,17,82,-30,244.46,2882,0.40319756138403945
737402,62771,656078,32047.0,202511,810,12,Ohio,OH,OH-12,R+8,Romney,-11,54,44,McCain,-9,54,45,8,2271.91,324,0.8897155147395858
721145,40827,604970,81390.0,191791,661,13,Ohio,OH,OH-13,D+11,Obama,-27,36,63,Obama,-27,36,62,-11,894.3,806,0.838902023864826
718754,59043,659448,30479.0,215753,805,14,Ohio,OH,OH-14,R+4,Romney,-3,51,48,McCain,0,50,49,4,1953.14,367,0.9174877635463594
732459,54676,668773,25832.0,188566,796,15,Ohio,OH,OH-15,R+6,Romney,-6,52,46,McCain,-6,52,46,6,4738.93,154,0.9130517885642746
721968,59778,677484,14561.0,213049,778,16,Ohio,OH,OH-16,R+6,Romney,-8,54,45,McCain,-4,51,47,6,1205.34,598,0.9383850807792035
766928,48846,559451,66579.0,190171,746,1,Oklahoma,OK,OK-1,R+18,Romney,-32,66,34,McCain,-28,64,36,18,1631.67,470,0.7294700415162831
747975,38072,504980,26352.0,203713,598,2,Oklahoma,OK,OK-2,R+20,Romney,-36,68,32,McCain,-31,66,34,20,20995.35,35,0.675129516360841
760974,46575,609143,28137.0,197502,647,3,Oklahoma,OK,OK-3,R+26,Romney,-48,74,26,McCain,-46,73,27,26,34116.73,22,0.8004780715241256
769283,49341,594577,50585.0,190509,744,4,Oklahoma,OK,OK-4,R+19,Romney,-34,67,33,McCain,-32,66,34,19,9777.28,78,0.7728976202515849
772136,43964,535392,103653.0,176819,736,5,Oklahoma,OK,OK-5,R+12,Romney,-19,59,41,McCain,-19,59,41,12,2073.9,372,0.6933908016204399
786911,61643,635363,12658.0,182694,971,1,Oregon,OR,OR-1,D+7,Obama,-17,40,57,Obama,-22,38,60,-7,3007.0,261,0.8074140531775512
773472,42658,699608,4695.0,193539,796,2,Oregon,OR,OR-2,R+10,Romney,-16,56,40,McCain,-11,54,43,10,69442.78,11,0.9045033304373009
787831,52220,627148,41659.0,174978,917,3,Oregon,OR,OR-3,D+22,Obama,-47,25,72,Obama,-49,24,73,-22,1074.46,733,0.7960438215810244
771311,41651,693660,6157.0,191313,812,4,Oregon,OR,OR-4,D+2,Obama,-7,45,51,Obama,-12,43,54,-2,17274.04,44,0.8993259528257732
779741,52258,667701,6346.0,183798,869,5,Oregon,OR,OR-5,R+0,Obama,-3,47,50,Obama,-9,44,53,0,5189.73,150,0.8563112623294145
704351,38789,332133,247598.0,142275,910,1,Pennsylvania,PA,PA-1,D+28,Obama,-65,17,82,Obama,-56,22,78,-28,77.91,9040,0.4715447269898105
718235,35300,226319,422497.0,135882,891,2,Pennsylvania,PA,PA-2,D+38,Obama,-81,9,90,Obama,-82,9,91,-38,74.14,9687,0.3151043878396347
703321,46195,648187,32784.0,202191,640,3,Pennsylvania,PA,PA-3,R+8,Romney,-13,56,43,McCain,-6,52,46,8,3850.8,182,0.9216090519122847
710769,56264,607817,54661.0,196642,823,4,Pennsylvania,PA,PA-4,R+9,Romney,-16,57,42,McCain,-9,54,45,9,1517.84,468,0.8551540655262118
704890,45222,664076,16038.0,196250,672,5,Pennsylvania,PA,PA-5,R+8,Romney,-16,57,41,McCain,-4,52,47,8,10711.21,65,0.9420987671835321
720817,72491,633322,30817.0,203233,1052,6,Pennsylvania,PA,PA-6,R+2,Romney,-2,51,48,Obama,-7,46,53,2,860.47,837,0.878616902764502
710660,77914,626960,38631.0,200963,1079,7,Pennsylvania,PA,PA-7,R+2,Romney,-2,50,49,Obama,-6,46,53,2,862.56,823,0.8822221596825486
707648,75305,630139,26168.0,200553,1101,8,Pennsylvania,PA,PA-8,R+1,Romney,0,49,49,Obama,-7,46,53,1,706.93,1001,0.890469555485213
705006,44621,666757,21230.0,203260,639,9,Pennsylvania,PA,PA-9,R+14,Romney,-27,63,36,McCain,-17,58,41,14,5730.09,123,0.9457465610221757
709274,48731,663425,23373.0,203205,710,10,Pennsylvania,PA,PA-10,R+12,Romney,-22,60,39,McCain,-14,57,42,12,8378.06,84,0.9353578447821294
703412,50502,629880,35690.0,198890,736,11,Pennsylvania,PA,PA-11,R+6,Romney,-9,54,45,McCain,-5,52,47,6,3356.48,209,0.8954638248992056
703325,54597,656784,22146.0,221863,674,12,Pennsylvania,PA,PA-12,R+9,Romney,-17,58,41,McCain,-9,54,45,9,2163.03,325,0.9338271780471332
717729,55533,472840,132594.0,171145,976,13,Pennsylvania,PA,PA-13,D+13,Obama,-33,33,66,Obama,-30,34,65,-13,155.18,4625,0.6588001878146208
706047,40622,510295,150797.0,172914,716,14,Pennsylvania,PA,PA-14,D+15,Obama,-37,31,68,Obama,-35,32,67,-15,209.29,3373,0.7227493353841883
715255,56710,610644,33918.0,190644,886,15,Pennsylvania,PA,PA-15,R+2,Romney,-3,51,48,Obama,-5,47,52,2,1285.03,556,0.8537430706531237
710118,52450,589403,45601.0,172942,862,16,Pennsylvania,PA,PA-16,R+4,Romney,-6,52,46,Obama,-1,49,50,4,997.68,711,0.8300071255763126
701112,47403,619591,42065.0,187701,725,17,Pennsylvania,PA,PA-17,D+4,Obama,-12,43,55,Obama,-15,42,57,-4,1733.22,404,0.8837261379066398
707890,58364,664570,17089.0,219504,732,18,Pennsylvania,PA,PA-18,R+10,Romney,-17,58,41,McCain,-11,55,44,10,2072.79,341,0.9388040514769244
527461,51564,410579,46082.0,113928,877,1,Rhode Island,RI,RI-1,D+15,Obama,-34,32,66,Obama,-35,32,68,-15,268.49,1964,0.7784063655891147
523261,60624,442804,21017.0,133298,944,2,Rhode Island,RI,RI-2,D+8,Obama,-22,38,60,Obama,-22,39,60,-8,765.32,683,0.846239257273139
693096,57303,515602,132677.0,182362,1006,1,South Carolina,SC,SC-1,R+11,Romney,-18,58,40,McCain,-13,56,43,11,1547.86,447,0.7439113773560949
672944,52205,475447,157973.0,187228,812,2,South Carolina,SC,SC-2,R+16,Romney,-25,62,37,McCain,-20,62,37,16,3022.17,222,0.7065179271975083
664638,40362,514177,121588.0,179913,662,3,South Carolina,SC,SC-3,R+18,Romney,-31,65,34,McCain,-29,64,35,18,5268.28,126,0.7736196245174065
677291,45835,506600,131092.0,169016,730,4,South Carolina,SC,SC-4,R+15,Romney,-26,62,36,McCain,-23,61,38,15,1299.3,521,0.747979819604867
672257,43352,459876,181535.0,180252,704,5,South Carolina,SC,SC-5,R+9,Romney,-12,55,43,McCain,-11,55,44,9,5505.54,122,0.6840776667256718
672033,33079,256427,382703.0,145468,750,6,South Carolina,SC,SC-6,D+21,Obama,-47,26,73,Obama,-41,27,72,-21,8062.93,83,0.38156905985271555
671664,38107,443375,197833.0,178002,715,7,South Carolina,SC,SC-7,R+7,Romney,-10,55,45,McCain,-8,54,45,7,5354.62,125,0.6601142833321423
834236,49332,711932,12513.0,220794,644,1,South Dakota,SD,SD-1,R+10,Romney,-18,58,40,McCain,-8,53,45,10,75811.0,11,0.853394003615284
708481,37834,667586,15354.0,205010,618,1,Tennessee,TN,TN-1,R+25,Romney,-47,73,26,McCain,-41,70,29,25,4141.92,171,0.9422779157098073
716280,45526,639744,47012.0,194690,755,2,Tennessee,TN,TN-2,R+20,Romney,-36,67,31,McCain,-30,64,35,20,2320.68,308,0.893147930976713
715497,41081,611173,78056.0,193984,688,3,Tennessee,TN,TN-3,R+16,Romney,-28,63,35,McCain,-24,61,37,16,4570.32,156,0.8541936583940953
721027,45301,623427,58524.0,187173,710,4,Tennessee,TN,TN-4,R+18,Romney,-32,65,33,McCain,-27,63,36,18,5984.84,120,0.8646375239762173
726782,45938,473537,182249.0,160484,833,5,Tennessee,TN,TN-5,D+5,Obama,-13,43,56,Obama,-16,41,58,-5,1248.57,582,0.6515530103937632
719260,44306,662156,30795.0,200695,693,6,Tennessee,TN,TN-6,R+21,Romney,-40,69,30,McCain,-32,65,34,21,6474.21,111,0.920607290826683
722803,49197,611664,71652.0,190012,749,7,Tennessee,TN,TN-7,R+18,Romney,-33,66,33,McCain,-26,62,36,18,9160.44,78,0.8462388783665812
706539,51352,538963,137403.0,190569,684,8,Tennessee,TN,TN-8,R+19,Romney,-34,66,33,McCain,-29,64,35,19,6850.53,103,0.7628213021503413
713085,36691,199998,462105.0,132759,820,9,Tennessee,TN,TN-9,D+25,Obama,-58,21,79,Obama,-55,23,77,-25,483.39,1475,0.2804686678306233
707759,43231,545759,127408.0,171246,743,1,Texas,TX,TX-1,R+24,Romney,-44,72,28,McCain,-38,69,30,24,7858.86,90,0.7711085270551133
730716,70444,523469,77776.0,161186,984,2,Texas,TX,TX-2,R+16,Romney,-27,63,36,McCain,-24,62,37,16,308.75,2366,0.7163781824949775
744450,83221,542336,64908.0,172603,1072,3,Texas,TX,TX-3,R+17,Romney,-30,64,34,McCain,-24,62,37,17,480.88,1548,0.7285056081671032
708532,46908,579147,76957.0,183523,729,4,Texas,TX,TX-4,R+25,Romney,-49,74,25,McCain,-40,70,29,25,10122.99,69,0.8173900402522398
718316,44318,540283,102312.0,157311,789,5,Texas,TX,TX-5,R+17,Romney,-30,65,34,McCain,-25,62,37,17,5043.85,142,0.7521522561101243
727566,58915,505651,141182.0,169037,883,6,Texas,TX,TX-6,R+11,Romney,-17,58,41,McCain,-15,57,42,11,2148.41,338,0.6949898703347875
728070,66523,489252,94563.0,147174,993,7,Texas,TX,TX-7,R+13,Romney,-21,60,39,McCain,-18,59,40,13,161.94,4495,0.6719848366228522
742426,60251,617647,62804.0,179358,914,8,Texas,TX,TX-8,R+29,Romney,-55,77,22,McCain,-47,73,26,29,6053.76,122,0.8319307244088974
719126,41470,275893,275352.0,117968,816,9,Texas,TX,TX-9,D+25,Obama,-57,21,78,Obama,-53,23,76,-25,165.64,4341,0.38365043121789505
726353,62289,557209,74356.0,174848,933,10,Texas,TX,TX-10,R+11,Romney,-20,59,39,McCain,-14,56,43,11,5070.95,143,0.7671325099503961
718152,48543,627718,27731.0,179673,774,11,Texas,TX,TX-11,R+31,Romney,-60,79,20,McCain,-53,76,23,31,27832.17,25,0.8740740121868351
723781,58596,590686,58203.0,166625,885,12,Texas,TX,TX-12,R+19,Romney,-35,67,32,McCain,-28,64,35,19,1441.16,502,0.8161115033414804
700518,46860,604864,37841.0,174973,702,13,Texas,TX,TX-13,R+32,Romney,-62,80,19,McCain,-55,77,22,32,38349.24,18,0.8634524737408603
709301,52412,509156,142471.0,171941,799,14,Texas,TX,TX-14,R+12,Romney,-20,59,40,McCain,-15,57,42,12,2441.39,290,0.7178278333175901
724868,39266,650276,13675.0,142655,671,15,Texas,TX,TX-15,D+5,Obama,-16,42,57,Obama,-16,42,57,-5,7804.07,92,0.8970957470877456
720643,42048,593800,27908.0,138047,746,16,Texas,TX,TX-16,D+12,Obama,-30,35,64,Obama,-30,35,64,-12,710.35,1014,0.823986356628733
717600,45024,540260,93760.0,146648,842,17,Texas,TX,TX-17,R+13,Romney,-23,60,38,McCain,-17,58,41,13,7651.16,93,0.7528706800445931
727976,39432,336416,282010.0,119981,795,18,Texas,TX,TX-18,D+24,Obama,-53,23,76,Obama,-54,23,77,-24,235.2,3095,0.462125125004121
710487,43821,589768,43656.0,158231,733,19,Texas,TX,TX-19,R+26,Romney,-49,74,25,McCain,-43,71,28,26,25835.59,27,0.8300897834865381
730585,45169,570906,36209.0,136485,817,20,Texas,TX,TX-20,D+6,Obama,-19,40,59,Obama,-18,41,58,-6,199.68,3658,0.781436793802227
733852,59997,637852,24659.0,172801,961,21,Texas,TX,TX-21,R+12,Romney,-22,60,38,McCain,-14,56,42,12,5920.89,123,0.8691834320816731
753155,85106,475030,97690.0,182359,1038,22,Texas,TX,TX-22,R+15,Romney,-25,62,37,McCain,-22,61,39,15,1032.84,729,0.6307201040954385
717171,47996,603885,20310.0,160007,738,23,Texas,TX,TX-23,R+3,Romney,-3,51,48,Obama,-1,49,50,3,58059.18,12,0.8420376730235886
730210,62600,494900,78936.0,143843,924,24,Texas,TX,TX-24,R+13,Romney,-22,60,38,McCain,-18,58,41,13,262.76,2778,0.6777502362334124
726962,59597,614119,53474.0,173329,933,25,Texas,TX,TX-25,R+12,Romney,-22,60,38,McCain,-13,56,43,12,7620.7,95,0.8447745549285932
745740,78457,603568,52018.0,177084,1006,26,Texas,TX,TX-26,R+20,Romney,-37,68,31,McCain,-29,64,35,20,907.15,822,0.8093544667042133
707737,48082,597629,39311.0,161303,799,27,Texas,TX,TX-27,R+13,Romney,-22,61,38,McCain,-19,59,40,13,9128.25,77,0.8444224337571725
724133,42748,631909,30791.0,145345,756,28,Texas,TX,TX-28,D+7,Obama,-22,39,60,Obama,-17,41,58,-7,9378.53,77,0.8726421803729425
716620,36813,508670,73322.0,108005,739,29,Texas,TX,TX-29,D+12,Obama,-33,33,66,Obama,-25,37,62,-12,187.07,3830,0.7098183137506628
723640,41496,314181,322676.0,131597,859,30,Texas,TX,TX-30,D+27,Obama,-60,20,80,Obama,-57,21,78,-27,356.27,2031,0.4341675418716489
742564,61563,572277,84146.0,160073,937,31,Texas,TX,TX-31,R+12,Romney,-21,60,38,McCain,-13,56,43,12,2154.49,344,0.7706770056183709
721770,62062,456621,88775.0,156312,950,32,Texas,TX,TX-32,R+10,Romney,-16,57,42,McCain,-11,55,44,10,185.66,3887,0.6326405918782991
709378,34395,462467,112948.0,104473,741,33,Texas,TX,TX-33,D+18,Obama,-45,27,72,Obama,-38,31,69,-18,211.94,3347,0.6519331019569257
712561,34347,642435,10351.0,140587,639,34,Texas,TX,TX-34,D+8,Obama,-22,38,61,Obama,-21,39,60,-8,8190.32,87,0.901585969481911
736986,39450,522687,71516.0,124566,836,35,Texas,TX,TX-35,D+11,Obama,-28,35,63,Obama,-28,36,63,-11,593.77,1241,0.7092224275630745
710267,53344,568760,68053.0,181686,808,36,Texas,TX,TX-36,R+25,Romney,-47,73,26,McCain,-40,70,30,25,7125.83,99,0.800769288169097
709157,59082,633211,7766.0,165183,799,1,Utah,UT,UT-1,R+27,Romney,-57,78,20,McCain,-38,67,30,27,19560.79,36,0.8929066483162402
709305,52766,611070,9459.0,155550,815,2,Utah,UT,UT-2,R+18,Romney,-39,68,29,McCain,-20,59,38,18,39987.95,17,0.8615052762915812
712146,62195,647003,3912.0,144108,883,3,Utah,UT,UT-3,R+28,Romney,-59,79,20,McCain,-38,67,29,28,20070.54,35,0.9085257798260469
726231,60377,621084,10941.0,154348,951,4,Utah,UT,UT-4,R+16,Romney,-37,68,30,McCain,-15,56,41,16,2550.35,284,0.8552154892864667
626303,53853,595516,6232.0,182581,871,1,Vermont,VT,VT-1,D+16,Obama,-36,31,67,Obama,-37,31,68,-16,9216.66,67,0.950843281925841
751432,76044,552064,129800.0,192742,1214,1,Virginia,VA,VA-1,R+6,Romney,-7,53,46,McCain,-5,52,47,6,3684.32,203,0.734682579395075
726166,59963,489499,157310.0,166412,1125,2,Virginia,VA,VA-2,R+2,Obama,-2,49,50,Obama,-2,49,50,2,991.68,732,0.6740869167655881
745074,40424,264509,427491.0,137437,891,3,Virginia,VA,VA-3,D+27,Obama,-59,20,79,Obama,-58,21,78,-27,947.1,786,0.3550103748084083
738953,60792,456305,234253.0,185162,1004,4,Virginia,VA,VA-4,R+4,Romney,-1,50,49,McCain,-2,50,49,4,4310.34,171,0.6175020603475457
728231,47800,546517,147243.0,202886,773,5,Virginia,VA,VA-5,R+5,Romney,-7,53,46,McCain,-3,51,48,5,10029.79,72,0.7504720342858241
735731,47086,619366,78992.0,192707,759,6,Virginia,VA,VA-6,R+12,Romney,-19,59,39,McCain,-15,57,42,12,5930.02,124,0.8418375737871586
745462,70048,571591,108197.0,203231,1065,7,Virginia,VA,VA-7,R+10,Romney,-15,57,42,McCain,-12,56,44,10,2776.39,268,0.7667607470266761
760961,95687,484434,106278.0,155422,1641,8,Virginia,VA,VA-8,D+16,Obama,-37,31,68,Obama,-38,31,68,-16,149.24,5098,0.6366081835994223
723948,38372,661918,39264.0,205292,626,9,Virginia,VA,VA-9,R+15,Romney,-28,63,35,McCain,-18,58,40,15,9113.87,79,0.9143170503958847
765146,110981,562905,53617.0,196324,1447,10,Virginia,VA,VA-10,R+2,Romney,-1,50,49,Obama,-3,48,51,2,1372.24,557,0.7356831245278679
763195,101433,462684,98184.0,170445,1677,11,Virginia,VA,VA-11,D+10,Obama,-26,36,62,Obama,-25,37,62,-10,185.09,4123,0.6062461101029226
696870,79316,570173,8417.0,184858,1232,1,Washington,WA,WA-1,D+4,Obama,-11,43,54,Obama,-14,42,56,-4,6186.47,112,0.8181913412831662
685639,56810,551799,18042.0,158990,1027,2,Washington,WA,WA-2,D+8,Obama,-21,38,59,Obama,-23,38,61,-8,1015.02,675,0.8047952348101552
685541,52324,597775,10694.0,168910,883,3,Washington,WA,WA-3,R+2,Romney,-2,50,48,Obama,-4,47,51,2,9114.01,75,0.8719755638247749
692926,49002,514524,7873.0,150227,750,4,Washington,WA,WA-4,R+13,Romney,-22,60,38,McCain,-20,59,39,13,19250.22,35,0.742538164248419
679793,46356,605053,11768.0,169497,743,5,Washington,WA,WA-5,R+7,Romney,-10,54,44,McCain,-5,51,46,7,15473.13,43,0.8900547666716192
682733,53880,558054,24701.0,177137,927,6,Washington,WA,WA-6,D+5,Obama,-15,41,56,Obama,-16,41,57,-5,6902.73,98,0.8173824906661902
694877,66518,529436,33380.0,156711,1113,7,Washington,WA,WA-7,D+29,Obama,-61,18,79,Obama,-62,18,80,-29,144.13,4821,0.761913259468942
690317,70526,555217,17693.0,180432,1049,8,Washington,WA,WA-8,R+1,Obama,-2,48,50,Obama,-5,47,51,1,7359.7,93,0.8042928104044953
697816,62487,391595,75879.0,142188,1091,9,Washington,WA,WA-9,D+17,Obama,-39,30,68,Obama,-39,30,68,-17,183.43,3804,0.5611722861040733
689559,56368,520470,41509.0,154204,989,10,Washington,WA,WA-10,D+5,Obama,-15,41,56,Obama,-16,41,57,-5,826.67,834,0.7547867550129865
618410,40662,587035,14290.0,173081,601,1,West Virginia,WV,WV-1,R+14,Romney,-27,62,36,McCain,-15,57,42,14,6275.56,98,0.949265050694523
624214,44750,575821,21853.0,181570,677,2,West Virginia,WV,WV-2,R+11,Romney,-22,60,38,McCain,-11,55,44,11,8017.31,77,0.9224737029288033
612768,36754,574860,22774.0,181231,584,3,West Virginia,WV,WV-3,R+14,Romney,-32,65,33,McCain,-13,56,42,14,9745.33,62,0.9381364562118126
713079,57790,631321,38595.0,192673,830,1,Wisconsin,WI,WI-1,R+3,Romney,-4,52,47,Obama,-3,48,51,3,1727.92,412,0.8853451020153448
728000,57143,636632,31838.0,185951,857,2,Wisconsin,WI,WI-2,D+17,Obama,-38,30,68,Obama,-41,29,70,-17,4536.69,160,0.8744945054945055
712595,48288,671583,7447.0,195426,688,3,Wisconsin,WI,WI-3,D+5,Obama,-11,44,55,Obama,-20,39,59,-5,11111.79,64,0.942446971982683
715738,37671,382132,243442.0,127614,770,4,Wisconsin,WI,WI-4,D+23,Obama,-52,24,75,Obama,-50,25,74,-23,128.35,5576,0.533899275992053
714788,62633,663317,12405.0,202039,844,5,Wisconsin,WI,WI-5,R+13,Romney,-24,61,38,McCain,-15,57,42,13,1890.75,378,0.9279912365624493
710274,52617,663196,10431.0,204030,679,6,Wisconsin,WI,WI-6,R+5,Romney,-7,53,46,Obama,0,49,49,5,4918.39,144,0.9337185367900275
712153,47416,668591,5047.0,221133,660,7,Wisconsin,WI,WI-7,R+2,Romney,-3,51,48,Obama,-8,45,53,2,23037.26,30,0.9388305602869046
718725,53118,654296,9617.0,208337,683,8,Wisconsin,WI,WI-8,R+2,Romney,-4,51,48,Obama,-9,45,54,2,6806.67,105,0.9103565341403179
575535,57197,522569,5788.0,154985,769,1,Wyoming,WY,WY-1,R+22,Romney,-41,69,28,McCain,-32,65,33,22,97093.14,5,0.9079708445185783
